<?xml version="1.0" encoding="UTF-8"?>
<project-private xmlns="http://www.netbeans.org/ns/project-private/1">
    <editor-bookmarks xmlns="http://www.netbeans.org/ns/editor-bookmarks/2" lastBookmarkId="1">
        <file>
            <url>src/PrimerProyecto/MiniPHP.flex</url>
            <bookmark id="1">
                <name/>
                <line>10</line>
                <key/>
            </bookmark>
        </file>
    </editor-bookmarks>
    <open-files xmlns="http://www.netbeans.org/ns/projectui-open-files/2">
        <group>
            <file>file:/C:/Users/juan%20pablo/Documents/NetBeansProjects/Lenguajes_Formales_y_Automatas/src/PrimerProyecto/Main.java</file>
            <file>file:/C:/Users/juan%20pablo/Documents/NetBeansProjects/Lenguajes_Formales_y_Automatas/src/PrimerProyecto/Interface.java</file>
            <file>file:/C:/Users/juan%20pablo/Documents/NetBeansProjects/Lenguajes_Formales_y_Automatas/src/PrimerProyecto/Token.java</file>
            <file>file:/C:/Users/juan%20pablo/Documents/NetBeansProjects/Lenguajes_Formales_y_Automatas/src/PrimerProyecto/MiniPHP.flex</file>
        </group>
    </open-files>
</project-private>
